<?xml version="1.0" encoding="UTF-8"?><log><logentry revision="75"><author>dolebedev</author><date>2016-04-14T09:26:52.159248Z</date><paths><path action="A" kind="file">/Studying/jmeter_maven/.idea/scopes/scope_settings.xml</path><path action="A" kind="dir">/Studying/jmeter_maven/.idea/copyright</path><path action="A" kind="file">/Studying/jmeter_maven/.idea/copyright/profiles_settings.xml</path><path action="A" kind="file">/Studying/jmeter_maven/.idea/.name</path><path action="A" kind="file">/Studying/jmeter_maven/.idea/encodings.xml</path><path action="A" kind="dir">/Studying/jmeter_maven/.idea/scopes</path><path action="A" kind="file">/Studying/jmeter_maven/.idea/workspace.xml</path><path action="A" kind="file">/Studying/jmeter_maven/.idea/vcs.xml</path><path action="A" kind="dir">/Studying/jmeter_maven/.idea</path><path action="A" kind="file">/Studying/jmeter_maven/.idea/modules.xml</path><path action="A" kind="file">/Studying/jmeter_maven/.idea/misc.xml</path><path action="A" kind="file">/Studying/jmeter_maven/.idea/compiler.xml</path></paths><msg/></logentry><logentry revision="76"><author>dolebedev</author><date>2016-04-14T09:31:29.234076Z</date><paths><path action="A" kind="file">/Studying/jmeter_maven/target/jmeter/lib/isoparser-1.0.2.jar</path><path action="A" kind="file">/Studying/jmeter_maven/target/jmeter/lib/activation-1.1.jar</path><path action="A" kind="file">/Studying/jmeter_maven/target/jmeter/lib/geronimo-jms_1.1_spec-1.1.1.jar</path><path action="A" kind="file">/Studying/jmeter_maven/target/jmeter/lib/fontbox-1.8.8.jar</path><path action="A" kind="file">/Studying/jmeter_maven/target/jmeter/lib/ext/ApacheJMeter_functions-2.13.jar</path><path action="A" kind="file">/Studying/jmeter_maven/target/jmeter/lib/excalibur-instrument-mgr-api-2.1.jar</path><path action="A" kind="file">/Studying/jmeter_maven/target/jmeter/lib/xml-apis-1.4.01.jar</path><path action="A" kind="file">/Studying/jmeter_maven/target/jmeter/lib/excalibur-testcase-2.1.jar</path><path action="A" kind="file">/Studying/jmeter_maven/target/jmeter/lib/vorbis-java-tika-0.6.jar</path><path action="A" kind="file">/Studying/jmeter_maven/target/jmeter/lib/ext/ApacheJMeter_ftp-2.6.jar</path><path action="A" kind="file">/Studying/jmeter_maven/target/jmeter/lib/jmock-1.0.1.jar</path><path action="A" kind="file">/Studying/jmeter_maven/target/jmeter/report/jmeter-demo.jtl-report.html</path><path action="A" kind="file">/Studying/jmeter_maven/target/jmeter/lib/slf4j-api-1.7.10.jar</path><path action="A" kind="file">/Studying/jmeter_maven/target/jmeter/lib/commons-net-3.3.jar</path><path action="A" kind="file">/Studying/jmeter_maven/target/jmeter/lib/ext/ApacheJMeter_report-2.6.jar</path><path action="A" kind="file">/Studying/jmeter_maven/target/jmeter/lib/apache-mime4j-core-0.7.2.jar</path><path action="A" kind="file">/Studying/jmeter_maven/target/jmeter/lib/excalibur-instrument-mgr-impl-2.1.jar</path><path action="A" kind="file">/Studying/jmeter_maven/target/jmeter/lib/xmlgraphics-commons-1.5.jar</path><path action="A" kind="file">/Studying/jmeter_maven/target/jmeter/lib/commons-compress-1.8.1.jar</path><path action="A" kind="file">/Studying/jmeter_maven/target/maven-status/maven-compiler-plugin/testCompile/default-testCompile/inputFiles.lst</path><path action="A" kind="file">/Studying/jmeter_maven/target/jmeter/lib/httpcore-4.2.5.jar</path><path action="A" kind="file">/Studying/jmeter_maven/target/jmeter/lib/poi-scratchpad-3.11.jar</path><path action="A" kind="file">/Studying/jmeter_maven/target/jmeter/lib/junit-4.12.jar</path><path action="A" kind="file">/Studying/jmeter_maven/target/jmeter/lib/vorbis-java-core-0.6.jar</path><path action="A" kind="file">/Studying/jmeter_maven/target/jmeter/lib/apache-mime4j-dom-0.7.2.jar</path><path action="A" kind="file">/Studying/jmeter_maven/target/jmeter/lib/poi-3.11.jar</path><path action="A" kind="file">/Studying/jmeter_maven/target/jmeter/lib/commons-jexl-2.1.1.jar</path><path action="A" kind="file">/Studying/jmeter_maven/target/jmeter/lib/hamcrest-core-1.3.jar</path><path action="A" kind="file">/Studying/jmeter_maven/target/jmeter/lib/ext/ApacheJMeter_config-2.6.jar</path><path action="A" kind="file">/Studying/jmeter_maven/target/jmeter/bin/jmeter.properties</path><path action="A" kind="file">/Studying/jmeter_maven/target/jmeter/lib/concurrent-1.3.4.jar</path><path action="A" kind="file">/Studying/jmeter_maven/target/jmeter/jmeter-logs/jmeter-demo.jmx.log</path><path action="A" kind="file">/Studying/jmeter_maven/target/jmeter/lib/ext/ApacheJMeter_http-2.6.jar</path><path action="A" kind="file">/Studying/jmeter_maven/target/jmeter/lib/excalibur-instrument-1.0.jar</path><path action="A" kind="file">/Studying/jmeter_maven/target/jmeter/lib/tagsoup-1.2.1.jar</path><path action="A" kind="file">/Studying/jmeter_maven/target/jmeter/lib/servlet-api-2.3.jar</path><path action="A" kind="file">/Studying/jmeter_maven/target/jmeter/lib/excalibur-pool-impl-2.1.jar</path><path action="A" kind="file">/Studying/jmeter_maven/target/jmeter/bin/BeanShellAssertion.bshrc</path><path action="A" kind="file">/Studying/jmeter_maven/target/jmeter/lib/excalibur-pool-api-2.1.jar</path><path action="A" kind="dir">/Studying/jmeter_maven/target/maven-status</path><path action="A" kind="file">/Studying/jmeter_maven/target/jmeter/lib/jodd-log-3.6.4.jar</path><path action="A" kind="file">/Studying/jmeter_maven/target/jmeter/lib/ext/ApacheJMeter_components-2.13.jar</path><path action="A" kind="file">/Studying/jmeter_maven/target/jmeter/lib/rhino-1.7R5.jar</path><path action="A" kind="file">/Studying/jmeter_maven/target/jmeter/lib/mongo-java-driver-2.11.3.jar</path><path action="A" kind="file">/Studying/jmeter_maven/target/jmeter/results/jmeter-demo.jtl</path><path action="A" kind="file">/Studying/jmeter_maven/target/jmeter/lib/soap-2.3.1.jar</path><path action="A" kind="file">/Studying/jmeter_maven/target/jmeter/lib/ext/ApacheJMeter_jms-2.6.jar</path><path action="A" kind="file">/Studying/jmeter_maven/target/jmeter/lib/logkit-2.0.jar</path><path action="A" kind="file">/Studying/jmeter_maven/target/jmeter/lib/slf4j-nop-1.7.10.jar</path><path action="A" kind="file">/Studying/jmeter_maven/target/jmeter/lib/xmlbeans-2.6.0.jar</path><path action="A" kind="dir">/Studying/jmeter_maven/target/maven-status/maven-compiler-plugin/compile/default-compile</path><path action="A" kind="dir">/Studying/jmeter_maven/target/jmeter/report</path><path action="A" kind="file">/Studying/jmeter_maven/target/jmeter/lib/commons-lang3-3.3.2.jar</path><path action="A" kind="file">/Studying/jmeter_maven/target/jmeter/lib/ext/ApacheJMeter_core-2.6.jar</path><path action="A" kind="file">/Studying/jmeter_maven/target/jmeter/lib/jsoup-1.8.1.jar</path><path action="A" kind="file">/Studying/jmeter_maven/target/jmeter/bin/hc.parameters</path><path action="A" kind="file">/Studying/jmeter_maven/target/jmeter-demo-1.0-SNAPSHOT.jar</path><path action="A" kind="file">/Studying/jmeter_maven/target/jmeter/lib/jmatio-1.0.jar</path><path action="A" kind="file">/Studying/jmeter_maven/target/jmeter/lib/serializer-2.7.2.jar</path><path action="A" kind="file">/Studying/jmeter_maven/target/jmeter/lib/ext/ApacheJMeter_ldap-2.6.jar</path><path action="A" kind="file">/Studying/jmeter_maven/target/jmeter/lib/excalibur-datasource-2.1.jar</path><path action="A" kind="file">/Studying/jmeter_maven/target/jmeter/lib/oro-2.0.8.jar</path><path action="A" kind="file">/Studying/jmeter_maven/target/jmeter/bin/logkit.xml</path><path action="A" kind="file">/Studying/jmeter_maven/target/jmeter/bin/jaas.conf</path><path action="A" kind="file">/Studying/jmeter_maven/target/jmeter/lib/bcprov-jdk15on-1.49.jar</path><path action="A" kind="file">/Studying/jmeter_maven/target/jmeter/lib/bsf-2.4.0.jar</path><path action="A" kind="file">/Studying/jmeter_maven/target/jmeter/lib/pdfbox-1.8.8.jar</path><path action="A" kind="dir">/Studying/jmeter_maven/target/jmeter/bin</path><path action="A" kind="file">/Studying/jmeter_maven/target/jmeter/bin/system.properties</path><path action="A" kind="file">/Studying/jmeter_maven/target/jmeter/lib/juniversalchardet-1.0.3.jar</path><path action="A" kind="file">/Studying/jmeter_maven/target/jmeter/lib/java-libpst-0.8.1.jar</path><path action="A" kind="file">/Studying/jmeter_maven/target/jmeter/bin/upgrade.properties</path><path action="A" kind="file">/Studying/jmeter_maven/target/jmeter/lib/ext/ApacheJMeter_mail-2.6.jar</path><path action="A" kind="dir">/Studying/jmeter_maven/target/maven-status/maven-compiler-plugin/testCompile/default-testCompile</path><path action="A" kind="file">/Studying/jmeter_maven/target/jmeter/lib/hsqldb-1.8.0.1.jar</path><path action="A" kind="file">/Studying/jmeter_maven/target/jmeter/lib/ext/ApacheJMeter_junit-2.6.jar</path><path action="A" kind="file">/Studying/jmeter_maven/target/jmeter/lib/ext/ApacheJMeter_ftp-2.13.jar</path><path action="A" kind="file">/Studying/jmeter_maven/target/jmeter/lib/geronimo-spec-jms-1.1-rc4.jar</path><path action="A" kind="file">/Studying/jmeter_maven/target/jmeter/bin/global.properties</path><path action="A" kind="dir">/Studying/jmeter_maven/target/jmeter/lib/ext</path><path action="A" kind="file">/Studying/jmeter_maven/target/jmeter/lib/ext/ApacheJMeter_java-2.13.jar</path><path action="A" kind="file">/Studying/jmeter_maven/target/jmeter/report/collapse.jpg</path><path action="A" kind="file">/Studying/jmeter_maven/jmeter-demo.iml</path><path action="A" kind="file">/Studying/jmeter_maven/target/jmeter/lib/bcpkix-jdk15on-1.49.jar</path><path action="A" kind="file">/Studying/jmeter_maven/target/jmeter/lib/log4j-1.2.11.jar</path><path action="A" kind="dir">/Studying/jmeter_maven/target/maven-archiver</path><path action="A" kind="dir">/Studying/jmeter_maven/target/jmeter/lib/junit</path><path action="A" kind="file">/Studying/jmeter_maven/target/jmeter/lib/poi-ooxml-schemas-3.11.jar</path><path action="A" kind="file">/Studying/jmeter_maven/target/jmeter/lib/ext/ApacheJMeter_mail-2.13.jar</path><path action="A" kind="file">/Studying/jmeter_maven/target/jmeter/lib/xalan-2.7.2.jar</path><path action="A" kind="file">/Studying/jmeter_maven/target/jmeter/lib/rsyntaxtextarea-2.5.6.jar</path><path action="A" kind="file">/Studying/jmeter_maven/target/jmeter/lib/junitperf-1.8.jar</path><path action="A" kind="file">/Studying/jmeter_maven/target/jmeter/bin/BeanShellSampler.bshrc</path><path action="A" kind="file">/Studying/jmeter_maven/target/jmeter/lib/ext/ApacheJMeter_components-2.6.jar</path><path action="A" kind="file">/Studying/jmeter_maven/target/jmeter/lib/xpp3_min-1.1.4c.jar</path><path action="A" kind="file">/Studying/jmeter_maven/target/jmeter/lib/avalon-logkit-2.1.jar</path><path action="A" kind="file">/Studying/jmeter_maven/target/jmeter/lib/metadata-extractor-2.6.2.jar</path><path action="A" kind="file">/Studying/jmeter_maven/target/jmeter/lib/avalon-framework-impl-4.3.jar</path><path action="A" kind="dir">/Studying/jmeter_maven/target/jmeter/logs</path><path action="A" kind="file">/Studying/jmeter_maven/target/jmeter/lib/ext/ApacheJMeter_monitors-2.6.jar</path><path action="A" kind="file">/Studying/jmeter_maven/target/jmeter/lib/bcmail-jdk15-1.45.jar</path><path action="A" kind="file">/Studying/jmeter_maven/target/jmeter/bin/user.properties</path><path action="A" kind="file">/Studying/jmeter_maven/target/jmeter/lib/mail-1.5.0-b01.jar</path><path action="A" kind="dir">/Studying/jmeter_maven/target/maven-status/maven-compiler-plugin</path><path action="A" kind="file">/Studying/jmeter_maven/target/jmeter/lib/ext/ApacheJMeter_ldap-2.13.jar</path><path action="A" kind="file">/Studying/jmeter_maven/target/jmeter/lib/ext/ApacheJMeter_functions-2.6.jar</path><path action="A" kind="file">/Studying/jmeter_maven/target/jmeter/lib/jdom-1.1.3.jar</path><path action="A" kind="file">/Studying/jmeter_maven/target/jmeter/lib/httpclient-4.2.6.jar</path><path action="A" kind="file">/Studying/jmeter_maven/target/jmeter/lib/bcprov-jdk15-1.45.jar</path><path action="A" kind="file">/Studying/jmeter_maven/target/jmeter/lib/ext/ApacheJMeter_core-2.13.jar</path><path action="A" kind="file">/Studying/jmeter_maven/target/jmeter/lib/ext/ApacheJMeter_tcp-2.6.jar</path><path action="A" kind="file">/Studying/jmeter_maven/target/jmeter/lib/commons-collections-3.2.1.jar</path><path action="A" kind="file">/Studying/jmeter_maven/target/jmeter/lib/ext/ApacheJMeter_monitors-2.13.jar</path><path action="A" kind="file">/Studying/jmeter_maven/target/jmeter/lib/ext/ApacheJMeter_junit-2.13.jar</path><path action="A" kind="file">/Studying/jmeter_maven/target/jmeter/lib/jempbox-1.8.8.jar</path><path action="A" kind="file">/Studying/jmeter_maven/target/jmeter/lib/ext/ApacheJMeter_junit-test-2.13.jar</path><path action="A" kind="file">/Studying/jmeter_maven/target/jmeter/lib/htmllexer-2.1.jar</path><path action="A" kind="file">/Studying/jmeter_maven/target/jmeter/lib/jorphan-2.13.jar</path><path action="A" kind="file">/Studying/jmeter_maven/target/jmeter/lib/ext/ApacheJMeter_jdbc-2.6.jar</path><path action="A" kind="file">/Studying/jmeter_maven/target/jmeter/lib/jcip-annotations-1.0.jar</path><path action="A" kind="file">/Studying/jmeter_maven/target/jmeter/lib/bsh-2.0b5.jar</path><path action="A" kind="file">/Studying/jmeter_maven/target/jmeter/lib/tika-parsers-1.7.jar</path><path action="A" kind="file">/Studying/jmeter_maven/target/jmeter/lib/jcharts-0.7.5.jar</path><path action="A" kind="file">/Studying/jmeter_maven/target/jmeter/lib/avalon-framework-4.1.4.jar</path><path action="A" kind="dir">/Studying/jmeter_maven/target/maven-status/maven-compiler-plugin/compile</path><path action="A" kind="file">/Studying/jmeter_maven/target/jmeter/lib/jtidy-r938.jar</path><path action="A" kind="file">/Studying/jmeter_maven/target/jmeter/lib/netcdf-4.2.20.jar</path><path action="A" kind="file">/Studying/jmeter_maven/target/jmeter/lib/xmlParserAPIs-2.0.2.jar</path><path action="A" kind="dir">/Studying/jmeter_maven/target</path><path action="A" kind="dir">/Studying/jmeter_maven/target/jmeter/jmeter-logs</path><path action="A" kind="file">/Studying/jmeter_maven/target/jmeter/bin/log4j.conf</path><path action="A" kind="file">/Studying/jmeter_maven/target/jmeter/bin/BeanShellListeners.bshrc</path><path action="A" kind="file">/Studying/jmeter_maven/target/jmeter/lib/dnsjava-2.1.7.jar</path><path action="A" kind="file">/Studying/jmeter_maven/target/jmeter/lib/ext/ApacheJMeter_jdbc-2.13.jar</path><path action="A" kind="file">/Studying/jmeter_maven/target/jmeter/lib/asm-debug-all-4.1.jar</path><path action="A" kind="dir">/Studying/jmeter_maven/target/maven-status/maven-compiler-plugin/testCompile</path><path action="A" kind="file">/Studying/jmeter_maven/target/jmeter/lib/htmlparser-2.1.jar</path><path action="A" kind="file">/Studying/jmeter_maven/target/jmeter/report/jmeter-demo.jtl</path><path action="A" kind="file">/Studying/jmeter_maven/target/maven-status/maven-compiler-plugin/compile/default-compile/inputFiles.lst</path><path action="A" kind="file">/Studying/jmeter_maven/target/jmeter/bin/BeanShellFunction.bshrc</path><path action="A" kind="file">/Studying/jmeter_maven/target/jmeter/lib/excalibur-instrument-api-2.1.jar</path><path action="A" kind="file">/Studying/jmeter_maven/target/jmeter/lib/rome-1.0.jar</path><path action="A" kind="file">/Studying/jmeter_maven/target/jmeter/lib/tika-core-1.7.jar</path><path action="A" kind="file">/Studying/jmeter_maven/target/jmeter/lib/ext/ApacheJMeter_tcp-2.13.jar</path><path action="A" kind="file">/Studying/jmeter_maven/target/jmeter/lib/bcmail-jdk15on-1.49.jar</path><path action="A" kind="file">/Studying/jmeter_maven/target/jmeter/lib/jdom-1.0.jar</path><path action="A" kind="dir">/Studying/jmeter_maven/target/classes</path><path action="A" kind="file">/Studying/jmeter_maven/target/jmeter/lib/ext/ApacheJMeter_http-2.13.jar</path><path action="A" kind="dir">/Studying/jmeter_maven/target/jmeter/results</path><path action="A" kind="file">/Studying/jmeter_maven/target/jmeter/lib/commons-httpclient-3.1.jar</path><path action="A" kind="file">/Studying/jmeter_maven/target/jmeter/lib/ext/ApacheJMeter_java-2.6.jar</path><path action="A" kind="file">/Studying/jmeter_maven/target/jmeter/lib/jodd-core-3.6.4.jar</path><path action="A" kind="file">/Studying/jmeter_maven/target/jmeter/lib/ext/ApacheJMeter_mongodb-2.13.jar</path><path action="A" kind="file">/Studying/jmeter_maven/target/jmeter/bin/ApacheJMeter.jar</path><path action="A" kind="file">/Studying/jmeter_maven/target/jmeter/lib/commons-logging-1.2.jar</path><path action="A" kind="dir">/Studying/jmeter_maven/target/jmeter/lib</path><path action="A" kind="file">/Studying/jmeter_maven/target/jmeter/lib/ext/ApacheJMeter_native-2.13.jar</path><path action="A" kind="file">/Studying/jmeter_maven/target/jmeter/lib/excalibur-pool-instrumented-2.1.jar</path><path action="A" kind="file">/Studying/jmeter_maven/target/jmeter/lib/excalibur-logger-1.1.jar</path><path action="A" kind="file">/Studying/jmeter_maven/target/jmeter/report/expand.jpg</path><path action="A" kind="file">/Studying/jmeter_maven/target/jmeter/lib/commons-io-2.4.jar</path><path action="A" kind="file">/Studying/jmeter_maven/target/jmeter/lib/geronimo-spec-javamail-1.3.1-rc3.jar</path><path action="A" kind="file">/Studying/jmeter_maven/target/jmeter/lib/xmpcore-5.1.2.jar</path><path action="A" kind="file">/Studying/jmeter_maven/target/jmeter/lib/commons-codec-1.10.jar</path><path action="A" kind="file">/Studying/jmeter_maven/target/jmeter/lib/xstream-1.4.8.jar</path><path action="A" kind="file">/Studying/jmeter_maven/target/jmeter/bin/saveservice.properties</path><path action="A" kind="dir">/Studying/jmeter_maven/target/jmeter</path><path action="A" kind="file">/Studying/jmeter_maven/target/jmeter/bin/krb5.conf</path><path action="A" kind="file">/Studying/jmeter_maven/target/jmeter/lib/commons-jexl-1.1.jar</path><path action="A" kind="file">/Studying/jmeter_maven/target/jmeter/lib/unidataCommon-4.2.20.jar</path><path action="A" kind="file">/Studying/jmeter_maven/target/jmeter/lib/qdox-1.5.jar</path><path action="A" kind="file">/Studying/jmeter_maven/target/jmeter/bin/httpclient.parameters</path><path action="A" kind="file">/Studying/jmeter_maven/target/maven-archiver/pom.properties</path><path action="A" kind="file">/Studying/jmeter_maven/target/jmeter/lib/avalon-framework-api-4.3.jar</path><path action="A" kind="file">/Studying/jmeter_maven/target/jmeter/lib/jodd-lagarto-3.6.4.jar</path><path action="A" kind="file">/Studying/jmeter_maven/target/jmeter/lib/ext/ApacheJMeter_jms-2.13.jar</path><path action="A" kind="file">/Studying/jmeter_maven/target/jmeter/lib/xercesImpl-2.11.0.jar</path><path action="A" kind="file">/Studying/jmeter_maven/target/jmeter/lib/xz-1.5.jar</path><path action="A" kind="file">/Studying/jmeter_maven/target/jmeter/lib/httpmime-4.2.6.jar</path><path action="A" kind="file">/Studying/jmeter_maven/target/jmeter/lib/jhighlight-1.0.jar</path><path action="A" kind="file">/Studying/jmeter_maven/target/jmeter/lib/aspectjrt-1.8.0.jar</path><path action="A" kind="file">/Studying/jmeter_maven/target/jmeter/lib/poi-ooxml-3.11.jar</path><path action="A" kind="file">/Studying/jmeter_maven/target/jmeter/lib/boilerpipe-1.1.0.jar</path><path action="A" kind="file">/Studying/jmeter_maven/target/jmeter/logs/jmeter-demo.jmx.log</path><path action="A" kind="file">/Studying/jmeter_maven/target/jmeter/lib/excalibur-component-2.1.jar</path><path action="A" kind="file">/Studying/jmeter_maven/target/jmeter/lib/xmlpull-1.1.3.1.jar</path></paths><msg/></logentry></log>