<?xml version='1.0' encoding='UTF-8'?>
<org.jvnet.hudson.plugins.backup.BackupConfig plugin="backup@1.6.1">
  <targetDirectory>E:\temp\jenkis_config</targetDirectory>
  <verbose>false</verbose>
  <xmlOnly>true</xmlOnly>
  <noShutdown>false</noShutdown>
  <fileNameTemplate>backup_@date@.@extension@</fileNameTemplate>
  <archiveType>ZIP</archiveType>
  <keepWorkspaces>false</keepWorkspaces>
  <keepFingerprints>true</keepFingerprints>
  <keepBuilds>true</keepBuilds>
  <keepArchives>true</keepArchives>
  <jobIncludes></jobIncludes>
  <jobExcludes></jobExcludes>
  <caseSensitive>false</caseSensitive>
  <customExclusions/>
</org.jvnet.hudson.plugins.backup.BackupConfig>