<?xml version='1.0' encoding='UTF-8'?>
<hudson.plugins.emailext.ExtendedEmailPublisherDescriptor plugin="email-ext@2.40.5">
  <smtpHost>puppy.luxoft.com</smtpHost>
  <useSsl>false</useSsl>
  <charset>UTF-8</charset>
  <defaultContentType>text/plain</defaultContentType>
  <defaultSubject>Hi from Jenkins $PROJECT_NAME - Build # $BUILD_NUMBER - $BUILD_STATUS!</defaultSubject>
  <defaultBody>$PROJECT_NAME - Build # $BUILD_NUMBER - $BUILD_STATUS:&#xd;
&#xd;
Check console output at $BUILD_URL to view the results.</defaultBody>
  <defaultPresendScript></defaultPresendScript>
  <defaultClasspath/>
  <defaultTriggerIds>
    <string>hudson.plugins.emailext.plugins.trigger.AlwaysTrigger</string>
    <string>hudson.plugins.emailext.plugins.trigger.SuccessTrigger</string>
  </defaultTriggerIds>
  <maxAttachmentSize>-1</maxAttachmentSize>
  <recipientList>dolebedev@luxoft.com</recipientList>
  <defaultReplyTo></defaultReplyTo>
  <excludedCommitters></excludedCommitters>
  <overrideGlobalSettings>true</overrideGlobalSettings>
  <precedenceBulk>false</precedenceBulk>
  <debugMode>false</debugMode>
  <enableSecurity>false</enableSecurity>
  <requireAdminForTemplateTesting>false</requireAdminForTemplateTesting>
  <enableWatching>false</enableWatching>
</hudson.plugins.emailext.ExtendedEmailPublisherDescriptor>