<?xml version='1.0' encoding='UTF-8'?>
<result plugin="junit@1.10">
  <suites>
    <suite>
      <file>E:\temp\SVN_TEMP\mav\target\surefire-reports\TEST-TestSuite.xml</file>
      <name>TestSuite</name>
      <duration>6.076</duration>
      <cases>
        <case>
          <duration>6.076</duration>
          <className>TestClasses.Test01</className>
          <testName>Test01</testName>
          <skipped>false</skipped>
          <failedSince>0</failedSince>
        </case>
      </cases>
    </suite>
  </suites>
  <duration>6.076</duration>
  <keepLongStdio>false</keepLongStdio>
</result>