<?xml version='1.0' encoding='UTF-8'?>
<fingerprint>
  <timestamp>2016-04-18 09:40:39.249 UTC</timestamp>
  <original>
    <name>mav/URTDSM:URTDSM</name>
    <number>7</number>
  </original>
  <md5sum>4419ef4b1eaa3f2d0891b424f8620f44</md5sum>
  <fileName>URTDSM:URTDSM-1.0-SNAPSHOT.jar</fileName>
  <usages>
    <entry>
      <string>mav</string>
      <ranges>7-8</ranges>
    </entry>
    <entry>
      <string>mav/URTDSM:URTDSM</string>
      <ranges>7-8</ranges>
    </entry>
  </usages>
  <facets/>
</fingerprint>