<?xml version='1.0' encoding='UTF-8'?>
<fingerprint>
  <timestamp>2016-01-28 18:51:06.188 UTC</timestamp>
  <original>
    <name>mav/URTDSM:URTDSM</name>
    <number>4</number>
  </original>
  <md5sum>33ebbb23198d1a18720735d98fb09b1d</md5sum>
  <fileName>URTDSM:URTDSM-1.0-SNAPSHOT.jar</fileName>
  <usages>
    <entry>
      <string>mav</string>
      <ranges>4</ranges>
    </entry>
    <entry>
      <string>mav/URTDSM:URTDSM</string>
      <ranges>4</ranges>
    </entry>
  </usages>
  <facets/>
</fingerprint>