<?xml version='1.0' encoding='UTF-8'?>
<fingerprint>
  <timestamp>2016-01-28 18:51:06.329 UTC</timestamp>
  <original>
    <name>mav/URTDSM:URTDSM</name>
    <number>4</number>
  </original>
  <md5sum>7da848d2ad778c33824e595384e6904f</md5sum>
  <fileName>URTDSM:URTDSM:pom.xml</fileName>
  <usages>
    <entry>
      <string>mav</string>
      <ranges>4</ranges>
    </entry>
    <entry>
      <string>mav/URTDSM:URTDSM</string>
      <ranges>4</ranges>
    </entry>
  </usages>
  <facets/>
</fingerprint>