<?xml version='1.0' encoding='UTF-8'?>
<fingerprint>
  <timestamp>2016-04-18 08:10:03.868 UTC</timestamp>
  <original>
    <name>mav/URTDSM:URTDSM</name>
    <number>6</number>
  </original>
  <md5sum>912bb4c53e8e0132ad5945f7c167c7ce</md5sum>
  <fileName>URTDSM:URTDSM:pom.xml</fileName>
  <usages>
    <entry>
      <string>mav</string>
      <ranges>6-8</ranges>
    </entry>
    <entry>
      <string>mav/URTDSM:URTDSM</string>
      <ranges>6-8</ranges>
    </entry>
  </usages>
  <facets/>
</fingerprint>